{
	"id": "Cardsauce",
	"name": "Cardsauce",
	"author": ["BarrierTrio/Gote, Keku, & TheWinterComet"],
	"description": "A Vinesauce-themed expansion for Balatro, made in collaboration with the Balatro Discord and Vinesauce communities!",
	"prefix": "csau",
	"main_file": "main.lua",
	"priority": 49000,
	"badge_colour": "32A852",
	"badge_text_colour": "FFFFFF",
	"display_name": "Cardsauce",
	"version": "2.1.2",
	"dependencies": [
		"Steamodded (>=1.0.0~BETA-0711a)"
	],
	"conflicts": [
	], 
	"provides": [
	], 
	"dump_loc": false
}